{"initial_reset_timestamp": 1504309023.6197884, "episode_rewards": [3847.543553201126, 1548.247881351908, 1154.1729610013492, 2179.0615386744325, 1526.6390217878072, 1663.336018894957, 1694.100542073877, 1196.5571320329973, 2053.3051229968833, 1711.3929403618704, 1555.8182205692647, 2564.642957491788, 1495.967518811392, 3772.533925084405, 1555.0577102573059, 3787.31388454756, 3637.376491791911, 3380.365585699497, 1712.2285861373919, 2508.2398992948156], "episode_lengths": [1000, 447, 361, 581, 445, 513, 519, 358, 606, 516, 450, 680, 409, 1000, 448, 1000, 972, 887, 510, 662], "episode_types": ["t", "t", "t", "t", "t", "t", "t", "t", "t", "t", "t", "t", "t", "t", "t", "t", "t", "t", "t", "t"], "timestamps": [1504309032.5198011, 1504309036.9494498, 1504309037.5422826, 1504309038.1827776, 1504309038.6759539, 1504309039.2385046, 1504309039.8153212, 1504309040.2142954, 1504309045.8686354, 1504309046.5544968, 1504309047.0093153, 1504309047.691302, 1504309048.1082602, 1504309049.103782, 1504309049.5660756, 1504309050.5454915, 1504309051.5132008, 1504309052.399777, 1504309052.9131484, 1504309053.5989807]}